{
  "model": "weights/best.pt",
  "split": "test",
  "mAP50": 0.7838918423135655,
  "mAP50-95": 0.4159826959940002,
  "precision": 0.7395354253714014,
  "recall": 0.7617379117028732,
  "f1": 0.750472486107271
}